<?xml version="1.0" encoding="UTF-8"?>
<!-- 
****************************************************************
Date           : 12/27/2012
Reason         : Changed for Websphere to Tomcat Migration
****************************************************************
--> 
<!DOCTYPE pools PUBLIC "-//TUF/DTD Pools Configuration 1.0//EN" "pools.dtd">
<pools>
	<reapCycleTime>
			<dev value="60000"/>
			<test value="60000"/>
			<qa value="60000"/>
			<staging value="60000"/>
			<prod value="600000"/>
	</reapCycleTime>
	
	<poolname value="COPPS">
		<pool>
			<dev value="cat.cis.tuf.server.connector.jdbc.DataSourcePool" />
			<test value="cat.cis.tuf.server.connector.jdbc.DataSourcePool" />
			<qa value="cat.cis.tuf.server.connector.jdbc.DataSourcePool" />
			<staging value="cat.cis.tuf.server.connector.jdbc.DataSourcePool" />
			<prod value="cat.cis.tuf.server.connector.jdbc.DataSourcePool" />
		</pool>
		<description>
			<dev value="TUF DB2 JNDI Datasource connection pool." />
			<test value="TUF DB2 JNDI Datasource connection pool." />
			<qa value="TUF DB2 JNDI Datasource connection pool." />
			<staging value="TUF DB2 JNDI Datasource connection pool." />
			<prod value="TUF DB2 JNDI Datasource connection pool." />
		</description>
		<datasource>
			<dev value="java:comp/env/jdbc/Z1U2"/>
			<test value="java:comp/env/jdbc/Z1U2"/>
			<qa value="java:comp/env/jdbc/Z1U2"/>
			<staging value="java:comp/env/jdbc/Z1U2"/>
			<prod value="java:comp/env/jdbc/Z1P3"/>
		</datasource>
		<user>
			<dev value="Z1ASXCIS"/>
			<test value="Z1ASXCIS"/>
			<qa value="Z1ASXCIS"/>
			<staging value="Z1ASXCIS"/>
			<prod value="Z1ASXCIS"/>
		</user>
		<password>
		<!-- Changed for Websphere to Tomcat Migration for CAT Migration Project – STARTS -->
			<!--<dev value="{XOR}eb9U6vEXk5/LSMJyKrV/VQ=="/>
			<test value="{XOR}eb9U6vEXk5/LSMJyKrV/VQ=="/>
			<qa value="{XOR}eb9U6vEXk5/LSMJyKrV/VQ=="/>
			<staging value="{XOR}eb9U6vEXk5/LSMJyKrV/VQ=="/>
			<prod value="{XOR}eb9U6vEXk5/LSMJyKrV/VQ=="/>
		-->
			<dev value="{XOR}vSMhb928tu6OOAA1PPCpHw=="/>
			<test value="{XOR}vSMhb928tu6OOAA1PPCpHw=="/>
			<qa value="{XOR}vSMhb928tu6OOAA1PPCpHw=="/>
			<staging value="{XOR}vSMhb928tu6OOAA1PPCpHw=="/>
			<prod value="{XOR}vSMhb928tu6OOAA1PPCpHw=="/>
		<!-- Changed for Websphere to Tomcat Migration for CAT Migration Project – ENDS -->
		</password>
		<maxPoolSize>
			<dev value="2" />
			<test value="5" />
			<qa value="10" />
			<staging value="10" />
			<prod value="10" />
		</maxPoolSize>
		<initPoolSize>
			<dev value="3" />
			<test value="3" />
			<qa value="3" />
			<staging value="3" />
			<prod value="3" />
		</initPoolSize>
		<logger>
			<dev value="tuf" />
			<test value="tuf" />
			<qa value="tuf" />
			<staging value="tuf" />
			<prod value="tuf"/>
		</logger>
		<validator>
			<dev value="cat.cis.tuf.server.connector.jdbc.db2.DB2ConnectionValidator" />
			<test value="cat.cis.tuf.server.connector.jdbc.db2.DB2ConnectionValidator" />
			<qa value="cat.cis.tuf.server.connector.jdbc.db2.DB2ConnectionValidator" />
			<staging value="cat.cis.tuf.server.connector.jdbc.db2.DB2ConnectionValidator" />
			<prod value="cat.cis.tuf.server.connector.jdbc.db2.DB2ConnectionValidator" />
		</validator>
	</poolname>		
</pools>
