<?xml version="1.0" encoding="UTF-8"?>
<!-- 
****************************************************************
Date           : 12/27/2012
Reason         : Changed for Websphere to Tomcat Migration
****************************************************************
--> 
<!DOCTYPE pools PUBLIC "-//TUF/DTD Pools Configuration 1.0//EN" "file://pools.dtd">
<pools>
	<reapCycleTime>
			<dev value="900000"/>
			<test value="900000"/>
			<qa value="900000"/>
			<staging value="900000"/>
			<prod value="900000"/>
	</reapCycleTime>
	
	<!-- 
	In the process of deprecating driver managed pools in favor data source pools for WAS 6.0 and beyond the following
	TUF pool definition has been updated to utilize data sources.  This definition should also work in WAS 4.0 environments but
	it is not a requirement for WAS 4.0 environments that data sources be utilized.

	In order that this definition work a resource reference for z1pb must be defined within your application web.xml file.  You will also need
	to define a data source within your WTE server config.  Please see the documentation at https://tuf.cat.com -> Installation -> DataSources in RAD
	for more information related to RAD plugins available that will ease this process.

	In addition, the following tuf pool at the time of writing of this note is utilized only by TUF persistent batch scheduler tasks.
	If your application does not utilize TUF persistent batch scheduler tasks this pool can be removed.

	Finally, if your application is a mission critical one the datasource z1pb name should be changed to z1pi to utilize the high availability
	Oracle instance.  When the Oracle RAC becomes available for mission critical applications, this name will need to be changed again.
	 -->
	 <!-- Changed for Websphere to Tomcat Migration for CAT Migration Project – STARTS -->
	<!--  <poolname value="tuf">
		<pool>
			<dev value="cat.cis.tuf.server.connector.jdbc.DataSourcePool" />
			<test value="cat.cis.tuf.server.connector.jdbc.DataSourcePool" />
			<qa value="cat.cis.tuf.server.connector.jdbc.DataSourcePool" />
			<staging value="cat.cis.tuf.server.connector.jdbc.DataSourcePool" />
			<prod value="cat.cis.tuf.server.connector.jdbc.DataSourcePool" />
		</pool>
		<description>
			<dev value="TUF Pool" />
			<test value="TUF Pool" />
			<qa value="TUF Pool" />
			<staging value="TUF Pool" />
			<prod value="TUF Pool" />
		</description>
		<user>
			<dev value="websphere_1" />
			<test value="websphere_1" />
			<qa value="websphere_1" />
			<staging value="websphere_1" />
			<prod value="websphere_1" />
		</user>
		<password>
			<dev value="{XOR}YRf1penURYTqrxQEktfDqA==" />
			<test value="{XOR}YRf1penURYTqrxQEktfDqA==" />
			<qa value="{XOR}YRf1penURYTqrxQEktfDqA==" />
			<staging value="{XOR}YRf1penURYTqrxQEktfDqA==" />
			<prod value="{XOR}YRf1penURYTqrxQEktfDqA==" />
		</password>
		<maxPoolSize>
			<dev value="2" />
			<test value="2" />
			<qa value="2" />
			<staging value="2" />
			<prod value="2" />
		</maxPoolSize>
		<initPoolSize>
			<dev value="0" />
			<test value="0" />
			<qa value="0" />
			<staging value="0" />
			<prod value="0" />
		</initPoolSize>
		<logger>
			<dev value="tuf" />
			<test value="tuf" />
			<qa value="tuf" />
			<staging value="tuf" />
			<prod value="tuf" />
		</logger>
		<datasource>
			<dev value="java:comp/env/jdbc/Z1UB"/>
			<test value="java:comp/env/jdbc/Z1UB"/>
			<qa value="java:comp/env/jdbc/Z1UA"/>
			<staging value="java:comp/env/jdbc/Z1UA"/>
			<prod value="java:comp/env/jdbc/Z1PB"/>
		</datasource>
		<system>
			<dev value="true" />
			<test value="true" />
			<qa value="true" />
			<staging value="true" />
			<prod value="true" />
		</system>
		<cryptoProvider>
			<dev value="cat.cis.tuf.common.pool.TUFPoolDecryptor" />
			<test value="cat.cis.tuf.common.pool.TUFPoolDecryptor" />
			<qa value="cat.cis.tuf.common.pool.TUFPoolDecryptor" />
			<staging value="cat.cis.tuf.common.pool.TUFPoolDecryptor" />
			<prod value="cat.cis.tuf.common.pool.TUFPoolDecryptor" />
		</cryptoProvider>
	</poolname> -->
	<!-- Changed for Websphere to Tomcat Migration for CAT Migration Project – ENDS -->
	<!--  
	<poolname value="tuf">
		<pool>
			<dev value="cat.cis.tuf.server.connector.jdbc.DriverManagerPool" />
			<test value="cat.cis.tuf.server.connector.jdbc.DriverManagerPool" />
			<qa value="cat.cis.tuf.server.connector.jdbc.DriverManagerPool" />
			<staging value="cat.cis.tuf.server.connector.jdbc.DriverManagerPool" />
			<prod value="cat.cis.tuf.server.connector.jdbc.DriverManagerPool" />
		</pool>
		<description>
			<dev value="TUF Pool" />
			<test value="TUF Pool" />
			<qa value="TUF Pool" />
			<staging value="TUF Pool" />
			<prod value="TUF Pool" />
		</description>
		<url>
			<dev value="jdbc:oracle:thin:@z1ubora.cis.cat.com:1521:z1ub" />
			<test value="jdbc:oracle:thin:@z1ubora.cis.cat.com:1521:z1ub" />
			<qa value="jdbc:oracle:thin:@z1uaora.cis.cat.com:1521:z1ua" />
			<staging value="jdbc:oracle:thin:@z1uaora.cis.cat.com:1521:z1ua" />
			<prod value="jdbc:oracle:thin:@z1pbora.cis.cat.com:1521:z1pb" />
		</url>
		<user>
			<dev value="websphere_1" />
			<test value="websphere_1" />
			<qa value="websphere_1" />
			<staging value="websphere_1" />
			<prod value="websphere_1" />
		</user>
		<password>
			<dev value="{XOR}YRf1penURYTqrxQEktfDqA==" />
			<test value="{XOR}YRf1penURYTqrxQEktfDqA==" />
			<qa value="{XOR}YRf1penURYTqrxQEktfDqA==" />
			<staging value="{XOR}YRf1penURYTqrxQEktfDqA==" />
			<prod value="{XOR}YRf1penURYTqrxQEktfDqA==" />
		</password>
		<maxPoolSize>
			<dev value="2" />
			<test value="2" />
			<qa value="2" />
			<staging value="2" />
			<prod value="2" />
		</maxPoolSize>
		<initPoolSize>
			<dev value="0" />
			<test value="0" />
			<qa value="0" />
			<staging value="0" />
			<prod value="0" />
		</initPoolSize>
		<logger>
			<dev value="tuf" />
			<test value="tuf" />
			<qa value="tuf" />
			<staging value="tuf" />
			<prod value="tuf" />
		</logger>
		<validator>
			<dev value="cat.cis.tuf.server.connector.jdbc.oracle.OracleConnectionValidator" />
			<test value="cat.cis.tuf.server.connector.jdbc.oracle.OracleConnectionValidator" />
			<qa value="cat.cis.tuf.server.connector.jdbc.oracle.OracleConnectionValidator" />
			<staging value="cat.cis.tuf.server.connector.jdbc.oracle.OracleConnectionValidator" />
			<prod value="cat.cis.tuf.server.connector.jdbc.oracle.OracleConnectionValidator" />
		</validator>
		<terminator>
			<dev value="cat.cis.tuf.server.connector.jdbc.oracle.OracleConnectionTerminator" />
			<test value="cat.cis.tuf.server.connector.jdbc.oracle.OracleConnectionTerminator" />
			<qa value="cat.cis.tuf.server.connector.jdbc.oracle.OracleConnectionTerminator" />
			<staging value="cat.cis.tuf.server.connector.jdbc.oracle.OracleConnectionTerminator" />
			<prod value="cat.cis.tuf.server.connector.jdbc.oracle.OracleConnectionTerminator" />
		</terminator>
		<drivers>
			<dev value="oracle.jdbc.driver.OracleDriver" />
			<test value="oracle.jdbc.driver.OracleDriver" />
			<qa value="oracle.jdbc.driver.OracleDriver" />
			<staging value="oracle.jdbc.driver.OracleDriver" />
			<prod value="oracle.jdbc.driver.OracleDriver" />
		</drivers>
		<system>
			<dev value="true" />
			<test value="true" />
			<qa value="true" />
			<staging value="true" />
			<prod value="true" />
		</system>
		<cryptoProvider>
			<dev value="cat.cis.tuf.common.pool.TUFPoolDecryptor" />
			<test value="cat.cis.tuf.common.pool.TUFPoolDecryptor" />
			<qa value="cat.cis.tuf.common.pool.TUFPoolDecryptor" />
			<staging value="cat.cis.tuf.common.pool.TUFPoolDecryptor" />
			<prod value="cat.cis.tuf.common.pool.TUFPoolDecryptor" />
		</cryptoProvider>
	</poolname>
	-->
	<!--
		Note that there is both a cgds and cws pool definition present in this example configuration.  
		The TUF class CGDSPerson mapping to the cgds definition and the CWSPerson and CWSGroup mapping to the cws definition.  
		Both TUF person classes still remain and CWSPerson will likely be deprecated over time as the cws and cgds ldap dirs 
		have now merged.  However, for now both a cws and cgds pool definition are require but in most circumstances
		their host, username, password etc... configuration should be identical.  In the near future this will also be
		cleaned up so that multiple pool definitions aren't necessary.
		
		One scenario in which additional cgds or cws definitions may be needed is in the event an application has need for an application
		account with elevated privileges (e.g. update, insert etc... see the note on ssl protocol below).  SSL communication does impact 
		performance.  A possible configuration could include two application accounts.
		One read-only account configured here as the default account where non-ssl is acceptible, and a privileged 
		account used as an override within the application where elevated privileges are needed (see Person.setSchema).
		
	-->
	<poolname value="cgds">
		<pool>
			<prod value="cat.cis.tuf.common.connector.ldap.adam.LDAPPoolADAM" />
		</pool>
		<description>
			<prod value="CGDS Pool" />
		</description>
		<maxPoolSize>
			<prod value="10" />
		</maxPoolSize>
		<initPoolSize>
			<prod value="1" />
		</initPoolSize>
		<logger>
			<prod value="tuf" />
		</logger>
		<maxObjectLife>
			<prod value="900000" />
		</maxObjectLife>
		
		<!--
			Note multiple definitions for dev,test,qa,prod.  While it may be necessary at times to change
			these mapping (e.g. change dev to point to cgdsq), it is the corporate standard that while in
			development the test directory should be used, while in qa, the qa directory should be used etc...
			Be aware that changes to these mappings map impact the target environment and place your
			application in violation of corporate standards.
		-->
		<host>
			<dev value="gdsqa.ecorp.cat.com"/>
			<test value="gdsqa.ecorp.cat.com"/>
			<qa value="gdsqa.ecorp.cat.com"/>
			<staging value="gdsqa.ecorp.cat.com"/>
			<prod value="gds.ecorp.cat.com" />
		</host>
		<!-- 
		
		Port 389 is the default non-ssl port.  Port 636 is the default ssl port.  Unless a port
		other than these two ports must be configured the following port definition isn't necessary.

		If ldaps is enabled (see description below), and port is not configured, the default port is 636.
		
		<port>
			<prod value="636" />
		</port>
		
		-->
		
		<!-- 
			If your application account has elevated directory update privileges (e.g. can update person 
			attributes, can create new persons etc...), or your application account has elevated
			query privileges (e.g. retrieving social security number), you must configure your TUF cgds directory 
			pool to utilize ldaps in order that transmission of the application account username/password 
			will be encrypted.  Failure to do so places your application in violation of corporate
			password security standards.  You need not configure port number as TUF defaults the port to 636 
			(current LDAP SSL port). 

			!!!!!!If your application meets the criteria above you must uncomment the following protocol tag to enable ldaps or your application will be in violation of corporate standards.!!!
			
			<protocol>
				<prod value="ldaps" />
			</protocol>
		
			If your application account has read only directory privileges it is not necessary to configure 
			your TUF cgds directory pool to utilize ldaps.  You need not enable ldaps.  Non-SSL is the default for TUF LDAP pools.  
			
		-->
		
		<allocTimeout>
			<prod value="5000" />
		</allocTimeout>
		<!--
			Note that the value for user is not just username but rather dn.  Dns are in the form uid=yourlogonid,ou=applications,dc=cat,dc=com.
			Logonid only will not work.
			
			The user attribute must be populated as anonymous bind to the CGDS directory will be phased out in the
			near future.  New application accounts can be requested at: http://inet.cis.cat.com/cgds.
		-->
		<user>
			<dev value="uid=bolldap,ou=applications,dc=cat,dc=com" />
			<test value="uid=bolldap,ou=applications,dc=cat,dc=com" />
			<qa value="uid=bolldap,ou=applications,dc=cat,dc=com" />
			<staging value="uid=bolldap,ou=applications,dc=cat,dc=com" />
			<prod value="uid=bolldap,ou=applications,dc=cat,dc=com" />
		</user>
		<!--
			Passwords must be encrypted using 128-bit AES (Advanced Encryption Standard) encryption.  Failure to
			do so places your application in violation of corporate password standards.  The TUF apis enable password
			encryption.  Please see the TUF web site at: https://tuf.cat.com for more information related
			to  encryption.  Once encrypted the password text must be preceeded with the string {xor} to indicate
			to tuf that an encrypted password follows.
		-->
		<!-- Changed for Websphere to Tomcat Migration for CAT Migration Project – STARTS -->
		<!--<password>
			<dev value="{XOR}brEyO7hZYhSgC75k8kSRpw==" />
			<test value="{XOR}brEyO7hZYhSgC75k8kSRpw==" />
			<qa value="{XOR}brEyO7hZYhSgC75k8kSRpw==" />
			<staging value="{XOR}brEyO7hZYhSgC75k8kSRpw==" />
			<prod value="{XOR}brEyO7hZYhSgC75k8kSRpw==" />
		</password>
		-->
		<password>
			<dev value="{XOR}GZQGYJzr9Rn0MLKbHEez7g==" />
			<test value="{XOR}GZQGYJzr9Rn0MLKbHEez7g==" />
			<qa value="{XOR}GZQGYJzr9Rn0MLKbHEez7g==" />
			<staging value="{XOR}GZQGYJzr9Rn0MLKbHEez7g==" />
			<prod value="{XOR}GZQGYJzr9Rn0MLKbHEez7g==" />
		</password>
		<!-- Changed for Websphere to Tomcat Migration for CAT Migration Project – ENDS -->
		<system>
			<prod value="true" />
		</system>
	</poolname>

	<poolname value="cws">
		<pool>
			<prod value="cat.cis.tuf.common.connector.ldap.adam.LDAPPoolADAM" />
		</pool>
		<description>
			<prod value="CWS Pool" />
		</description>
		<maxPoolSize>
			<prod value="10" />
		</maxPoolSize>
		<initPoolSize>
			<prod value="1" />
		</initPoolSize>
		<logger>
			<prod value="tuf" />
		</logger>
		<maxObjectLife>
			<prod value="900000" />
		</maxObjectLife>
		
		<!--
			Note multiple definitions for dev,test,qa,prod.  While it may be necessary at times to change
			these mapping (e.g. change dev to point to cgdsq), it is the corporate standard that while in
			development the test directory should be used, while in qa, the qa directory should be used etc...
			Be aware that changes to these mappings map impact the target environment and place your
			application in violation of corporate standards.
		-->
		<host>
			<dev value="gdsqa.ecorp.cat.com"/>
			<test value="gdsqa.ecorp.cat.com"/>
			<qa value="gdsqa.ecorp.cat.com"/>
			<staging value="gdsqa.ecorp.cat.com"/>
			<prod value="gds.ecorp.cat.com" />
		</host>
		<!-- 
		
		Port 389 is the default non-ssl port.  Port 636 is the default ssl port.  Unless a port
		other than these two ports must be configured the following port definition isn't necessary.

		If ldaps is enabled (see description below), and port is not configured, the default port is 636.
		
		<port>
			<prod value="636" />
		</port>
		
		-->
		
		<!-- 
			If your application account has elevated directory update privileges (e.g. can update person 
			attributes, can create new persons etc...), or your application account has elevated
			query privileges (e.g. retrieving social security number), you must configure your TUF cgds directory 
			pool to utilize ldaps in order that transmission of the application account username/password 
			will be encrypted.  Failure to do so places your application in violation of corporate
			password security standards.  You need not configure port number as TUF defaults the port to 636 
			(current LDAP SSL port). 

			!!!!!!If your application meets the criteria above you must uncomment the following protocol tag to enable ldaps or your application will be in violation of corporate standards.!!!
			
			<protocol>
				<prod value="ldaps" />
			</protocol>
		
			If your application account has read only directory privileges it is not necessary to configure 
			your TUF cgds directory pool to utilize ldaps.  You need not enable ldaps.  Non-SSL is the default for TUF LDAP pools.
		-->
		
		<allocTimeout>
			<prod value="5000" />
		</allocTimeout>
		<!--
			Note that the value for user is not just username but rather dn.  Dns are in the form uid=yourlogonid,ou=applications,dc=cat,dc=com.
			Logonid only will not work.
			
			The user attribute must be populated as anonymous bind to the CGDS directory will be phased out in the
			near future.  New application accounts can be requested at: http://inet.cis.cat.com/cgds.
			
		-->
		<user>
			<prod value="uid=bolldap,ou=applications,dc=cat,dc=com" />
		</user>
		<!--
			Passwords must be encrypted using 128-bit AES (Advanced Encryption Standard) encryption.  Failure to
			do so places your application in violation of corporate password standards.  The TUF apis enable password
			encryption.  Please see the TUF web site at: https://tuf.cat.com for more information related
			to  encryption.  Once encrypted the password text must be preceeded with the string {xor} to indicate
			to tuf that an encrypted password follows.
		-->
		<!-- Changed for Websphere to Tomcat Migration for CAT Migration Project – STARTS -->	
		<!--<password>
			<dev value="{XOR}brEyO7hZYhSgC75k8kSRpw==" />
			<test value="{XOR}brEyO7hZYhSgC75k8kSRpw==" />
			<qa value="{XOR}brEyO7hZYhSgC75k8kSRpw==" />
			<staging value="{XOR}brEyO7hZYhSgC75k8kSRpw==" />
			<prod value="{XOR}brEyO7hZYhSgC75k8kSRpw==" />
		</password>	
		-->
		<password>
			<dev value="{XOR}GZQGYJzr9Rn0MLKbHEez7g==" />
			<test value="{XOR}GZQGYJzr9Rn0MLKbHEez7g==" />
			<qa value="{XOR}GZQGYJzr9Rn0MLKbHEez7g==" />
			<staging value="{XOR}GZQGYJzr9Rn0MLKbHEez7g==" />
			<prod value="{XOR}GZQGYJzr9Rn0MLKbHEez7g==" />
		</password>
		<!-- Changed for Websphere to Tomcat Migration for CAT Migration Project – ENDS -->
		<system>
			<prod value="true" />
		</system>
	</poolname>
</pools>
